{
  "2023-04-01 18:14:00": {
    "Systole": 120,
    "Diastole": 85,
    "Puls": 70
  },
  "2023-04-02 20:35:00": {
    "Systole": 125,
    "Diastole": 75,
    "Puls": 70
  },
  "2023-04-03 17:54:00": {
    "Systole": 128,
    "Diastole": 78,
    "Puls": 64
  },
  "2023-04-04 17:54:00": {
    "Systole": 123,
    "Diastole": 76,
    "Puls": 69
  },
  "2023-04-05 17:54:00": {
    "Systole": 133,
    "Diastole": 76,
    "Puls": 66
  },
  "2023-04-06 17:55:00": {
    "Systole": 120,
    "Diastole": 76,
    "Puls": 62
  },
  "2023-04-07 17:55:00": {
    "Systole": 133,
    "Diastole": 78,
    "Puls": 72
  },
  "2023-04-08 17:55:00": {
    "Systole": 124,
    "Diastole": 81,
    "Puls": 70
  },
  "2023-04-09 17:55:00": {
    "Systole": 120,
    "Diastole": 81,
    "Puls": 65
  },
  "2023-04-10 17:56:00": {
    "Systole": 133,
    "Diastole": 76,
    "Puls": 65
  },
  "2023-04-11 17:56:00": {
    "Systole": 127,
    "Diastole": 78,
    "Puls": 65
  },
  "2023-04-12 18:04:01.876512": {
    "Systole": 127,
    "Diastole": 78,
    "Puls": 65
  },
  "2023-04-13 11:05:00": {
    "Systole": 110,
    "Diastole": 83,
    "Puls": 63
  },
  "2023-05-11 17:40:00": {
    "Systole": 24,
    "Diastole": 41,
    "Puls": 46
  }
}